,CG10479,MESR3,exex,fj,ems,h,tll,CG14427,sna,lok
,htl,disco,D,ImpE2,knrl,Esp,toc,Mes2,danr,bun
1,467,468,504,429,505,430,2958,506,466,431
2,821,859,783,860,820,822,858,784,898,897
3,1409,1371,1447,1448,1410,1446,1408,3039,1372,1333
4,53,55,90,56,91,89,92,94,51,50
5,742,743,780,704,667,703,741,705,744,781
6,1240,1202,1241,1278,1203,1201,1239,1165,1316,1164
7,373,372,374,411,334,410,335,333,412,371
8,29,69,27,68,66,25,67,104,70,34
9,1675,1713,1637,1674,1712,1676,1714,1599,1751,1750
10,20,17,23,18,15,21,24,22,26,19
11,822,784,860,823,785,821,2941,861,783,824
12,1409,1371,1447,1448,1410,1446,1408,3039,1372,1333
13,783,821,820,745,782,784,822,707,858,859
14,1944,1906,1982,1945,1943,1905,1869,1907,2020,1868
15,179,178,217,256,216,177,254,218,219,220
16,2898,2900,2859,2895,2896,2901,2862,2858,2894,2855
17,1073,1035,2936,1072,1112,1074,1111,1034,997,3007
18,1642,1604,1680,1641,1643,1603,1605,1566,1565,1567
19,1832,1794,1870,1793,1795,3022,1833,1756,1831,1755
20,728,690,691,766,727,2987,729,689,653,651
21,891,929,853,892,890,928,930,852,966,854
22,776,738,814,777,815,739,737,701,852,813
23,602,601,564,678,639,525,640,563,638,527
24,1167,1205,1168,1129,1166,2994,1206,1243,1130,1242
25,17,15,20,52,21,54,19,18,23,13
26,542,2958,541,503,580,504,579,543,540,502
27,405,444,442,404,367,406,403,366,443,3017
28,1434,1396,1472,1435,1433,1395,1397,1358,1510,1471
29,1944,1906,1982,1945,1943,1905,1869,1907,2020,1868
30,920,958,882,881,919,921,883,957,844,843
31,1088,1126,1050,1051,1089,1049,1087,1127,1013,1012
32,2643,2642,2682,2605,2681,2680,2644,2604,2603,2645
33,1417,1379,1455,1454,1418,1416,1456,1380,1341,1493
34,956,994,918,919,957,955,917,995,880,993
35,261,298,299,223,300,297,262,260,301,259
36,2626,2588,2627,2625,2664,2589,2587,2551,2665,2624
37,378,2935,377,416,376,339,379,341,340,375
38,1175,1213,1137,1176,1174,1212,1214,1251,1250,1099
39,1093,1055,1131,1132,1130,1092,1056,1170,1094,1017
40,1865,1827,1903,1866,1904,1902,1864,1828,1941,1789
41,1552,1590,1514,1513,1551,1515,1553,1476,1591,1628
42,1944,1906,1982,1945,1943,1905,1869,1907,2020,1868
43,1114,1076,1152,1077,1075,1115,1113,1039,1037,1038
44,1638,1600,1676,1639,1637,1601,1599,1561,1562,1714
45,2149,2188,2148,2187,2150,2111,2186,2110,2073,2225
46,1223,1185,1261,1222,1260,1224,1147,1299,1262,1186
47,1295,1333,1257,1294,1334,1296,1372,1332,1256,1371
48,1376,1338,1414,1375,1339,1337,2988,1377,1300,1452
49,1259,1297,1221,1258,1260,1298,1296,1335,1222,1183
50,625,587,626,664,588,662,624,549,627,663
51,1039,1001,1077,1078,1076,1040,1038,1114,963,1002
52,23,21,20,26,62,66,25,24,17,19
53,808,846,770,807,771,809,769,733,845,884
54,277,276,278,239,238,316,237,279,240,275
55,1214,1176,1252,1213,3014,1175,1215,1177,1290,1138
56,53,55,90,56,91,89,92,94,51,50
57,1865,1827,1903,1866,1904,1902,1864,1828,1941,1789
58,1175,1213,1137,1176,1174,1212,1214,1251,1250,1099
59,1151,1189,1113,1152,1190,1150,1075,1228,1188,1227
60,589,551,590,552,628,553,627,588,513,626
61,1515,1553,1477,1514,1554,1552,1516,1439,1592,1590
62,3023,688,649,687,726,689,686,650,727,764
63,808,846,770,807,771,809,769,733,845,884
64,1543,1581,1505,1544,1582,1580,1542,1619,1620,1467
65,2349,2387,2350,2348,2388,2311,2426,2386,2351,2310
66,1422,1460,1384,1421,1385,1383,1423,1498,1346,1347
67,1264,1302,1226,1225,1263,2992,1301,1187,1340,1265
68,2639,2678,2676,2638,2677,2640,2641,2716,2601,2637
69,1175,1213,1137,1176,1174,1212,1214,1251,1250,1099
70,971,933,1009,1008,1010,970,972,934,895,1047
71,90,53,89,49,50,55,51,91,86,48
72,1299,1261,2988,1298,1300,1336,1260,1337,1262,1338
73,1942,1904,1980,1941,1905,1943,1867,1981,1979,1903
74,1262,1224,1300,1263,1261,1225,1299,1186,1223,1338
75,20,17,23,18,15,21,24,22,26,19
76,2952,1684,1721,1760,1683,1722,1645,1646,1685,1759
77,2125,2163,2202,2087,2164,2126,2201,2162,2127,2124
78,1640,1678,1602,1601,1603,1641,1639,1716,1679,1564
79,1285,1247,1323,1322,1324,1286,1284,1209,1361,1246
80,934,972,896,933,897,935,895,1010,971,859
81,1566,1528,1604,1565,1527,1529,1567,1490,1642,1603
82,612,613,650,573,575,574,611,614,535,688
83,503,502,542,504,466,541,465,540,2958,463
84,1602,1564,1640,1601,1603,1563,1565,1526,1678,1527
85,1175,1213,1137,1176,1174,1212,1214,1251,1250,1099
86,1310,1272,1348,1309,1311,1271,1273,1234,1233,1235
87,53,55,90,56,91,89,92,94,51,50
88,954,992,916,953,915,917,2986,955,1030,993
89,2626,2588,2627,2625,2664,2589,2587,2551,2665,2624
90,1249,1211,1287,1288,1250,1248,1286,1325,1210,1326
91,53,55,90,56,91,89,92,94,51,50
92,728,690,691,766,727,2987,729,689,653,651
93,612,613,650,573,575,574,611,614,535,688
94,1100,1062,1138,1061,1063,1101,1099,1139,1024,1176
95,1214,1176,1252,1213,3014,1175,1215,1177,1290,1138
96,1979,2017,1980,1941,1978,2016,2018,1942,2054,2056
97,1409,1371,1447,1448,1410,1446,1408,3039,1372,1333
98,1505,1543,1467,1504,1544,1542,1506,1581,1580,1582
99,1072,1034,1110,1033,1073,2936,1035,1071,996,995
100,20,17,23,18,15,21,24,22,26,19
101,2335,2373,2334,2297,2372,2410,2374,2296,2259,2411
102,527,564,566,565,526,489,640,525,604,602
103,1175,1213,1137,1176,1174,1212,1214,1251,1250,1099
104,1136,1098,1174,1135,1097,1137,1099,1173,1059,1060
105,29,69,27,68,66,25,67,104,70,34
106,2951,1335,1373,1410,3039,1372,1334,1374,1297,1411
107,55,53,56,90,58,94,57,54,51,92
108,23,21,20,26,62,66,25,24,17,19
109,1533,1495,1571,1570,1572,1532,1534,1494,1457,1609
110,1214,1176,1252,1213,3014,1175,1215,1177,1290,1138
111,1071,1033,1110,1108,1109,1070,1032,1146,1072,995
112,1485,1523,1447,1524,1486,1522,1448,1562,1560,1484
113,1440,1402,1478,1439,1401,1403,1441,1363,1516,1364
114,1337,2988,1375,1374,1412,1336,1376,1299,1413,1338
115,2345,2307,2308,2346,2384,2344,2383,2422,2306,2269
116,1827,1789,1865,1828,1864,1826,1866,1902,1790,1751
117,1183,1221,1182,1145,1220,1184,1258,1222,1144,1259
118,2097,2096,2059,2135,2136,2174,2058,2173,2134,2095
119,706,669,668,707,705,630,631,744,593,746
120,1851,1889,1813,1852,1928,1850,1890,1927,1888,1775
121,426,425,427,388,464,387,389,465,424,462
122,1175,1213,1137,1176,1174,1212,1214,1251,1250,1099
123,1144,1182,1106,1105,1145,1107,1143,1183,1069,1067
124,1675,1713,1637,1674,1712,1676,1714,1599,1751,1750
125,688,3023,689,651,650,613,649,690,612,726
126,280,279,243,242,281,241,318,278,282,240
127,1214,1176,1252,1213,3014,1175,1215,1177,1290,1138
128,1289,1327,1251,1290,1326,1328,1288,1365,1213,1364
129,1563,1525,1601,1600,1602,1562,1564,1639,1526,1487
130,2992,1227,1265,1226,1264,1302,1266,1189,1303,1304
131,854,816,892,853,855,817,815,777,893,779
132,23,21,20,26,62,66,25,24,17,19
133,821,859,783,860,820,822,858,784,898,897
134,2468,2505,2467,2431,2542,2506,2543,2930,2544,2429
135,376,375,339,337,377,338,378,2935,412,414
136,1214,1176,1252,1213,3014,1175,1215,1177,1290,1138
137,2162,2950,2163,2200,2087,2124,3001,2125,2161,2086
138,651,652,690,688,613,689,614,653,650,577
139,2468,2505,2467,2431,2542,2506,2543,2930,2544,2429
140,773,811,772,810,812,735,774,848,849,697
141,706,669,668,707,705,630,631,744,593,746
142,1126,1088,1164,1127,1087,1125,1089,1049,1050,1202
143,504,467,466,503,429,2958,542,505,465,502
144,706,669,668,707,705,630,631,744,593,746
145,565,640,527,603,604,566,564,641,642,678
146,833,871,795,832,870,872,834,757,908,909
147,773,811,772,810,812,735,774,848,849,697
148,1340,1378,1302,1301,1303,1339,1341,1265,1264,1377
149,1144,1182,1106,1105,1145,1107,1143,1183,1069,1067
150,374,373,337,412,411,335,336,334,375,410
151,70,31,67,69,72,107,105,71,104,106
152,681,719,756,718,680,643,757,758,682,717
153,2503,2934,2465,2580,2504,2541,2542,2543,2540,2464
154,668,630,706,629,705,667,591,669,666,593
155,857,895,858,819,856,894,896,820,932,934
156,23,21,20,26,62,66,25,24,17,19
157,1175,1213,1137,1176,1174,1212,1214,1251,1250,1099
158,1175,1213,1137,1176,1174,1212,1214,1251,1250,1099
159,527,564,566,565,526,489,640,525,604,602
160,882,920,844,883,845,881,843,807,921,958
161,2930,2431,2430,3006,2467,2429,2469,2468,2393,2391
162,930,968,892,929,893,931,891,967,1006,969
163,1136,1098,1174,1135,1097,1137,1099,1173,1059,1060
164,358,357,359,321,319,396,320,397,360,356
165,1055,1093,1017,1056,1092,1054,1132,1130,1094,1018
166,206,208,205,169,244,167,207,170,168,204
167,1252,1290,1214,1213,1215,1253,1251,1328,1176,1291
168,1422,1460,1384,1421,1385,1383,1423,1498,1346,1347
169,615,654,577,652,578,653,616,617,614,692
170,295,332,296,334,257,333,259,293,335,294
171,1088,1126,1050,1051,1089,1049,1087,1127,1013,1012
172,378,2935,377,416,376,339,379,341,340,375
173,1298,1336,1260,1299,1259,1297,1261,1335,2988,1374
174,2729,2730,2767,2692,2691,2728,2690,2693,2768,2766
175,1942,1904,1980,1941,1905,1943,1867,1981,1979,1903
176,1206,2994,1169,1168,1207,1167,1244,1131,1245,1130
177,2026,2064,1989,1988,2027,2065,1987,1951,2025,1950
178,2196,2157,2197,2158,2234,2159,2119,2195,2121,2120
179,668,630,706,629,705,667,591,669,666,593
180,70,31,67,69,72,107,105,71,104,106
181,20,17,23,18,15,21,24,22,26,19
182,1485,1523,1447,1524,1486,1522,1448,1562,1560,1484
183,1183,1221,1182,1145,1220,1184,1258,1222,1144,1259
184,993,955,1031,994,1032,992,1070,1030,917,956
185,1403,1441,1365,1402,1404,1440,1479,1442,1327,1478
186,612,613,650,573,575,574,611,614,535,688
187,726,727,764,687,3023,689,765,2987,725,688
188,706,669,668,707,705,630,631,744,593,746
189,1221,1259,1183,1222,1260,1258,1220,1184,1297,1298
190,1410,3039,1372,2951,1409,1371,1448,1334,1373,1333
191,429,430,428,466,467,391,504,468,427,465
192,378,2935,377,416,376,339,379,341,340,375
193,1515,1553,1477,1514,1554,1552,1516,1439,1592,1590
194,1296,1334,1258,1257,1295,1297,1259,1372,1220,1335
195,1307,1269,1345,1346,1344,1306,3035,1384,1308,1383
196,1072,1034,1110,1033,1073,2936,1035,1071,996,995
197,1353,1315,1391,1354,1392,1352,1390,1430,1277,1316
198,1297,1259,1335,1296,1334,1298,1336,2951,1258,1221
199,956,994,918,919,957,955,917,995,880,993
200,1316,1354,1278,1315,1279,1241,1317,1277,1240,1353
201,1390,1352,1428,1391,1353,1351,1389,1314,1466,1313
202,1014,976,1052,1013,975,1015,977,1051,1090,1053
203,2911,2909,2916,2914,2906,2913,2917,2910,3003,2907
204,1249,1211,1287,1288,1250,1248,1286,1325,1210,1326
205,1412,1374,1450,1373,1413,1337,1375,1411,1336,1451
206,579,580,541,616,618,542,2965,617,578,540
207,1105,1143,1067,1144,1104,1142,1106,1182,1181,1029
208,408,369,371,407,446,409,406,370,483,372
209,1566,1528,1604,1565,1527,1529,1567,1490,1642,1603
210,615,654,577,652,578,653,616,617,614,692
211,1567,1529,1605,1604,1606,1568,1566,1491,1643,1642
212,127,126,128,87,88,125,166,129,165,91
213,1751,1789,1713,1750,1752,1788,1790,1675,1826,1827
214,64,104,100,138,65,67,99,142,27,61
215,1390,1352,1428,1391,1353,1351,1389,1314,1466,1313
216,929,891,967,966,930,928,968,892,890,1004
217,586,549,585,547,624,548,587,550,584,511
218,20,17,23,18,15,21,24,22,26,19
219,1394,1432,1356,1357,1393,1355,1395,1470,1431,1318
220,517,518,516,555,592,554,479,515,480,556
221,1252,1290,1214,1213,1215,1253,1251,1328,1176,1291
222,1049,1087,1011,1048,1050,1086,1088,1126,1124,1010
223,1719,1681,1757,1756,1718,1720,1758,1680,1643,1794
224,1440,1402,1478,1439,1401,1403,1441,1363,1516,1364
225,1809,1771,1847,1846,1810,1848,1808,1733,1770,1886
226,2639,2678,2676,2638,2677,2640,2641,2716,2601,2637
227,859,821,897,858,860,896,898,820,934,935
228,1175,1213,1137,1176,1174,1212,1214,1251,1250,1099
229,2290,2251,2253,2328,2289,2252,2979,2972,2288,2214
230,1869,1907,1906,3022,1831,1868,1944,1945,1908,1793
231,882,920,844,883,845,881,843,807,921,958
232,15,17,13,18,20,12,52,14,2981,54
233,15,17,13,18,20,12,52,14,2981,54
234,1036,1074,998,999,1035,1037,997,1112,1073,960
235,2335,2373,2334,2297,2372,2410,2374,2296,2259,2411
236,1295,1333,1257,1294,1334,1296,1372,1332,1256,1371
237,1485,1523,1447,1524,1486,1522,1448,1562,1560,1484
238,1398,1360,3008,1436,1361,1359,1397,1322,1399,1474
239,564,602,527,525,640,526,565,678,563,601
240,144,108,106,105,107,143,147,31,109,180
241,1865,1827,1903,1866,1904,1902,1864,1828,1941,1789
242,1105,1143,1067,1144,1104,1142,1106,1182,1181,1029
243,577,615,614,576,578,539,652,616,575,654
244,1175,1213,1137,1176,1174,1212,1214,1251,1250,1099
245,1944,1906,1982,1945,1943,1905,1869,1907,2020,1868
246,1223,1185,1261,1222,1260,1224,1147,1299,1262,1186
247,1410,3039,1372,2951,1409,1371,1448,1334,1373,1333
248,287,286,288,325,326,289,249,324,247,327
249,2292,2293,2291,2254,2217,2255,2972,2330,2331,2329
250,1865,1827,1903,1866,1904,1902,1864,1828,1941,1789
251,1827,1789,1865,1828,1864,1826,1866,1902,1790,1751
252,600,599,563,561,562,601,638,636,524,525
253,1249,1211,1287,1288,1250,1248,1286,1325,1210,1326
254,670,633,708,631,671,632,709,669,594,746
255,1571,1609,1533,1572,1610,1570,1608,1648,1495,1647
256,871,909,833,872,910,908,870,947,832,795
257,788,750,749,787,3029,826,711,713,786,748
258,997,959,1035,998,1034,1036,996,1073,960,921
259,1365,1327,1403,1402,1404,1364,1366,1441,1289,1328
260,1540,1502,1578,1541,1501,1503,1539,1464,1616,1577
261,885,923,847,922,924,884,886,848,961,960
262,736,699,698,774,2955,737,775,735,700,738
263,1485,1523,1447,1524,1486,1522,1448,1562,1560,1484
264,70,31,67,69,72,107,105,71,104,106
265,1680,1718,1642,1643,1641,1681,1679,1719,1604,1717
266,500,463,499,462,538,461,501,537,423,464
267,1365,1327,1403,1402,1404,1364,1366,1441,1289,1328
268,70,31,67,69,72,107,105,71,104,106
269,593,630,631,632,592,555,706,669,668,591
270,1604,1642,1566,1567,1565,1605,1603,1643,1529,1528
271,2389,2390,2427,2388,2466,2351,2428,2352,2426,2350
272,2930,2431,2430,3006,2467,2429,2469,2468,2393,2391
273,1886,1848,1924,1847,1885,1887,1923,1849,1810,1809
274,1751,1789,1713,1750,1752,1788,1790,1675,1826,1827
275,1713,1675,1751,1752,1750,1712,1714,1676,1637,1789
276,1485,1523,1447,1524,1486,1522,1448,1562,1560,1484
277,927,965,889,926,928,966,964,1002,1003,1004
278,1564,1602,1526,1527,1565,1563,1525,1489,1603,1601
279,1605,1567,1643,1644,1606,1682,1604,1642,1529,1681
280,815,777,853,852,814,776,816,854,890,739
281,260,258,223,298,221,259,222,261,220,219
282,2046,2084,2008,2007,2009,2045,2083,2122,2047,2085
283,593,630,631,632,592,555,706,669,668,591
284,1490,1528,2975,1452,3021,1451,1489,1566,1491,1527
285,1783,1821,1745,1784,1820,1859,1782,1746,1707,1858
286,1454,1416,1492,1455,1417,1453,1415,1379,1493,1530
287,700,699,738,661,663,662,701,737,736,698
288,1074,1112,1036,1037,1075,1035,1073,999,1113,1111
289,384,2978,385,347,383,386,346,382,345,420
290,1865,1827,1903,1866,1904,1902,1864,1828,1941,1789
291,1071,1033,1110,1108,1109,1070,1032,1146,1072,995
292,1260,1298,1222,1223,1259,1261,1221,1299,1336,1297
293,920,958,882,881,919,921,883,957,844,843
294,1067,1029,1105,1104,1068,1106,1066,1144,1143,1142
295,879,841,916,918,917,878,880,840,842,803
296,1545,1507,1583,1582,1584,1546,1544,1469,1508,1621
297,2284,2322,2246,2285,2245,2283,2247,2323,2207,2360
298,20,17,23,18,15,21,24,22,26,19
299,1358,1396,3004,1320,1319,1357,1395,1434,1282,1359
300,726,727,764,687,3023,689,765,2987,725,688
301,920,958,882,881,919,921,883,957,844,843
302,1572,1534,1610,1571,1533,1573,1535,1495,1496,1648
303,1136,1098,1174,1135,1097,1137,1099,1173,1059,1060
304,339,376,338,263,2935,301,378,337,377,299
305,3025,1056,981,1018,1019,1057,980,1094,943,1017
306,1353,1315,1391,1354,1392,1352,1390,1430,1277,1316
307,1612,1574,1650,1573,1611,3020,1575,1613,1536,1535
308,791,790,753,829,792,828,830,715,754,789
309,602,601,564,678,639,525,640,563,638,527
310,1162,1124,1200,1161,1123,1163,1125,1238,1085,1199
311,1865,1827,1903,1866,1904,1902,1864,1828,1941,1789
312,378,2935,377,416,376,339,379,341,340,375
313,1295,1333,1257,1294,1334,1296,1372,1332,1256,1371
314,1227,2992,1189,1226,1266,1228,1265,1151,1188,1190
315,1603,1565,1641,1602,1640,1642,1604,1679,1564,1527
316,809,771,810,846,847,848,808,884,733,772
317,992,1030,954,955,953,993,1031,991,917,1068
318,1572,1534,1610,1571,1533,1573,1535,1495,1496,1648
319,1225,1187,1263,1264,1226,1262,1224,1186,1149,1302
320,946,984,908,907,909,945,947,983,1022,870
321,956,994,918,919,957,955,917,995,880,993
322,1070,1032,1108,1031,1069,1071,993,1107,1033,1146
323,1105,1143,1067,1144,1104,1142,1106,1182,1181,1029
324,1403,1441,1365,1402,1404,1440,1479,1442,1327,1478
325,855,893,817,854,894,892,856,816,931,930
326,767,805,806,729,768,766,804,769,730,844
327,397,359,398,360,436,434,435,399,321,396
328,1865,1827,1903,1866,1904,1902,1864,1828,1941,1789
329,924,886,962,885,923,925,887,848,961,847
330,70,31,67,69,72,107,105,71,104,106
331,1134,1172,1096,1135,1095,1097,2963,1133,1210,1058
332,20,17,23,18,15,21,24,22,26,19
333,1410,3039,1372,2951,1409,1371,1448,1334,1373,1333
334,1828,1790,1866,1827,1789,1791,1829,1865,1753,1752
335,1259,1297,1221,1258,1260,1298,1296,1335,1222,1183
336,806,844,767,769,807,805,768,843,845,882
337,1214,1176,1252,1213,3014,1175,1215,1177,1290,1138
338,1757,1795,1719,1796,1758,1756,1794,1834,1720,1681
339,1403,1441,1365,1402,1404,1440,1479,1442,1327,1478
340,261,298,299,223,300,297,262,260,301,259
341,1675,1713,1637,1674,1712,1676,1714,1599,1751,1750
342,385,384,424,386,422,383,347,387,2978,423
343,1073,1035,2936,1072,1112,1074,1111,1034,997,3007
344,564,602,527,525,640,526,565,678,563,601
345,1734,1696,1772,1733,1735,1695,1697,1657,1658,1771
346,25,62,27,100,29,23,66,21,60,64
347,1122,1160,1084,1083,1121,1123,1085,1045,1198,1159
348,1434,1396,1472,1435,1433,1395,1397,1358,1510,1471
349,718,680,717,681,756,679,641,643,755,794
350,885,923,847,922,924,884,886,848,961,960
351,1259,1297,1221,1258,1260,1298,1296,1335,1222,1183
352,659,658,697,696,2955,660,621,3033,698,735
353,1830,1868,1792,1831,1791,3005,1829,1793,1753,1754
354,1379,1341,1417,1416,1378,1380,1454,1418,1303,2949
355,1221,1259,1183,1222,1260,1258,1220,1184,1297,1298
356,1935,1973,1897,1936,1934,3027,2012,1974,1898,1859
357,1175,1213,1137,1176,1174,1212,1214,1251,1250,1099
358,552,514,553,515,589,477,590,551,513,516
359,1561,1599,1523,1562,1560,1600,1598,1637,1638,1636
360,1566,1528,1604,1565,1527,1529,1567,1490,1642,1603
361,1187,1225,1149,1188,1226,1186,1224,1264,3007,1263
362,1410,3039,1372,2951,1409,1371,1448,1334,1373,1333
363,29,69,27,68,66,25,67,104,70,34
364,339,376,338,263,2935,301,378,337,377,299
365,360,321,323,285,398,397,359,322,358,324
366,171,209,207,246,172,245,210,284,208,248
367,765,802,803,2987,764,727,726,840,804,763
368,1155,1117,1193,1194,1156,1192,1154,1118,1232,1079
369,1093,1055,1131,1132,1130,1092,1056,1170,1094,1017
370,1249,1211,1287,1288,1250,1248,1286,1325,1210,1326
371,681,719,756,718,680,643,757,758,682,717
372,1865,1827,1903,1866,1904,1902,1864,1828,1941,1789
373,612,613,650,573,575,574,611,614,535,688
374,1036,1074,998,999,1035,1037,997,1112,1073,960
375,920,958,882,881,919,921,883,957,844,843
376,1440,1402,1478,1439,1401,1403,1441,1363,1516,1364
377,378,2935,377,416,376,339,379,341,340,375
378,1265,1303,2992,1302,1266,1304,1342,1341,1227,1340
379,625,587,626,664,588,662,624,549,627,663
380,822,784,860,823,785,821,2941,861,783,824
381,673,710,635,711,671,634,672,748,712,749
382,70,31,67,69,72,107,105,71,104,106
383,2992,1227,1265,1226,1264,1302,1266,1189,1303,1304
384,1249,1211,1287,1288,1250,1248,1286,1325,1210,1326
385,1491,3021,1529,1530,1568,1453,1492,1567,1528,1490
386,972,1010,934,935,973,971,933,1011,897,1009
387,1175,1213,1137,1176,1174,1212,1214,1251,1250,1099
388,885,923,847,922,924,884,886,848,961,960
389,20,17,23,18,15,21,24,22,26,19
390,1183,1221,1182,1145,1220,1184,1258,1222,1144,1259
391,1508,1546,1470,1469,1507,1509,1471,1432,1545,1584
392,886,924,848,849,887,885,847,811,925,962
393,1537,1499,1575,1574,1538,1576,1536,1461,1613,1498
394,1214,1176,1252,1213,3014,1175,1215,1177,1290,1138
395,1440,1402,1478,1439,1401,1403,1441,1363,1516,1364
396,487,524,488,526,486,449,525,485,563,489
397,20,17,23,18,15,21,24,22,26,19
398,1175,1213,1137,1176,1174,1212,1214,1251,1250,1099
399,804,805,842,803,766,2987,841,767,765,843
400,1175,1213,1137,1176,1174,1212,1214,1251,1250,1099
401,2110,2148,2073,2071,2072,2147,2109,2186,2111,2149
402,1175,1213,1137,1176,1174,1212,1214,1251,1250,1099
403,1410,3039,1372,2951,1409,1371,1448,1334,1373,1333
404,2411,2410,2412,2448,2449,2373,2954,2371,2450,2335
405,554,592,553,591,516,517,555,590,630,515
406,546,545,509,507,584,583,508,547,582,544
407,1935,1973,1897,1936,1934,3027,2012,1974,1898,1859
408,618,617,2965,656,579,616,619,580,655,654
409,1751,1789,1713,1750,1752,1788,1790,1675,1826,1827
410,844,882,843,806,807,805,845,881,920,767
411,1337,2988,1375,1374,1412,1336,1376,1299,1413,1338
412,292,253,255,330,291,3009,254,293,329,294
413,1568,1606,1530,1529,1569,1491,1567,1531,1492,1644
414,176,101,2973,137,175,63,136,102,174,97
415,1715,1753,1677,1754,1714,1716,1752,1792,1678,1639
416,1189,1227,1151,1188,1226,1150,1190,1228,2992,1113
417,296,295,297,259,335,298,334,257,336,332
418,1155,1117,1193,1194,1156,1192,1154,1118,1232,1079
419,23,21,20,26,62,66,25,24,17,19
420,694,656,732,657,693,695,619,655,731,733
421,564,602,527,525,640,526,565,678,563,601
422,479,478,441,516,517,518,439,403,480,515
423,470,469,433,471,432,508,395,431,472,506
424,1894,1932,2927,1857,1856,1895,1933,1970,1818,1893
425,2170,2132,2171,2208,2169,2133,2131,2094,2209,2134
426,1581,1543,1619,1620,1618,1580,1582,1505,1658,1656
427,991,953,1029,1028,1030,990,992,1066,1068,915
428,1804,1766,1842,1803,1805,1765,1767,1728,1843,1727
429,528,566,529,489,490,451,491,604,527,452
430,1563,1525,1601,1600,1602,1562,1564,1639,1526,1487
431,908,870,946,907,909,871,869,831,833,984
432,900,862,938,863,899,901,861,937,825,939
433,909,947,871,908,946,910,948,984,985,870
434,1804,1766,1842,1803,1805,1765,1767,1728,1843,1727
435,1087,1049,1125,1124,1126,1086,1088,1048,1050,1164
436,917,955,916,918,954,879,956,992,993,994
437,857,895,858,819,856,894,896,820,932,934
438,885,923,847,922,924,884,886,848,961,960
439,983,945,1021,1020,984,1022,982,946,907,944
440,298,259,261,260,297,223,296,258,299,257
441,1865,1827,1903,1866,1904,1902,1864,1828,1941,1789
442,1886,1848,1924,1847,1885,1887,1923,1849,1810,1809
443,1865,1827,1903,1866,1904,1902,1864,1828,1941,1789
444,20,17,23,18,15,21,24,22,26,19
445,1944,1906,1982,1945,1943,1905,1869,1907,2020,1868
446,2229,2228,2268,2267,2191,2153,2266,2190,2304,2227
447,105,106,142,67,104,144,70,65,31,180
448,1214,1176,1252,1213,3014,1175,1215,1177,1290,1138
449,1300,1338,1262,1263,1299,1301,2988,1261,1376,1339
450,1147,1185,1146,1109,1184,1148,1222,1223,1108,1145
451,1002,1040,964,965,963,1003,1001,927,1041,1039
452,1249,1211,1287,1288,1250,1248,1286,1325,1210,1326
453,1289,1327,1251,1290,1326,1328,1288,1365,1213,1364
454,1570,1608,1532,1533,1571,1531,1569,1609,1494,1646
455,955,917,993,992,994,954,956,916,918,1031
456,1279,1317,1241,1316,2967,1280,1318,1354,1355,1278
457,1906,1944,1868,1869,1905,1867,1831,1907,1945,1943
458,726,727,764,687,3023,689,765,2987,725,688
459,767,805,806,729,768,766,804,769,730,844
460,822,784,860,823,785,821,2941,861,783,824
461,972,1010,934,935,973,971,933,1011,897,1009
462,164,3012,163,202,162,165,126,161,203,204
463,1144,1182,1106,1105,1145,1107,1143,1183,1069,1067
464,2140,2178,2141,2103,2102,2065,2179,2139,2142,2216
465,1410,3039,1372,2951,1409,1371,1448,1334,1373,1333
466,1719,1681,1757,1756,1718,1720,1758,1680,1643,1794
467,1403,1441,1365,1402,1404,1440,1479,1442,1327,1478
468,2987,766,727,765,804,728,803,726,729,805
469,856,894,818,817,819,857,855,893,895,932
470,1675,1713,1637,1674,1712,1676,1714,1599,1751,1750
471,806,844,767,769,807,805,768,843,845,882
472,846,808,884,809,845,847,807,771,770,883
473,923,961,885,924,960,922,962,1000,998,999
474,1175,1213,1137,1176,1174,1212,1214,1251,1250,1099
475,1002,1040,964,965,963,1003,1001,927,1041,1039
476,1418,1456,1380,1417,1419,1381,1457,1494,1455,1379
477,503,502,542,504,466,541,465,540,2958,463
478,1807,1845,1769,1806,1808,1846,1844,1884,1883,1882
479,2026,2064,1989,1988,2027,2065,1987,1951,2025,1950
480,841,879,840,803,842,880,878,804,918,916
481,1376,1338,1414,1375,1339,1337,2988,1377,1300,1452
482,1214,1176,1252,1213,3014,1175,1215,1177,1290,1138
483,23,21,20,26,62,66,25,24,17,19
484,788,750,749,787,3029,826,711,713,786,748
485,564,602,527,525,640,526,565,678,563,601
486,785,2941,747,823,822,824,784,786,709,748
487,1214,1176,1252,1213,3014,1175,1215,1177,1290,1138
488,805,767,804,843,842,806,766,844,729,2987
489,1403,1441,1365,1402,1404,1440,1479,1442,1327,1478
490,1979,2017,1980,1941,1978,2016,2018,1942,2054,2056
491,2806,2969,2804,2844,2767,2768,2766,2805,2769,2842
492,20,17,23,18,15,21,24,22,26,19
493,726,727,764,687,3023,689,765,2987,725,688
494,1158,1196,1120,1119,1157,1159,1121,1195,1234,1081
495,1719,1681,1757,1756,1718,1720,1758,1680,1643,1794
496,593,630,631,632,592,555,706,669,668,591
497,920,958,882,881,919,921,883,957,844,843
498,2822,2783,2823,2785,2821,2787,2860,2820,2819,2784
499,935,897,973,936,972,934,974,898,1011,896
500,821,859,783,860,820,822,858,784,898,897
501,1260,1298,1222,1223,1259,1261,1221,1299,1336,1297
502,20,17,23,18,15,21,24,22,26,19
503,742,743,780,704,667,703,741,705,744,781
504,757,756,795,758,681,832,794,719,833,796
505,1944,1906,1982,1945,1943,1905,1869,1907,2020,1868
506,946,984,908,907,909,945,947,983,1022,870
507,805,767,804,843,842,806,766,844,729,2987
508,1804,1766,1842,1803,1805,1765,1767,1728,1843,1727
509,826,864,3029,787,827,788,825,902,865,863
510,1452,2975,1414,1413,1490,1415,1375,1453,3021,1376
511,788,750,749,787,3029,826,711,713,786,748
512,1719,1681,1757,1756,1718,1720,1758,1680,1643,1794
513,629,666,591,668,630,628,590,667,704,705
514,1087,1049,1125,1124,1126,1086,1088,1048,1050,1164
515,1865,1827,1903,1866,1904,1902,1864,1828,1941,1789
516,846,808,884,809,845,847,807,771,770,883
517,1087,1049,1125,1124,1126,1086,1088,1048,1050,1164
518,1214,1176,1252,1213,3014,1175,1215,1177,1290,1138
519,171,209,207,246,172,245,210,284,208,248
520,578,616,539,577,615,540,541,579,617,654
521,1485,1523,1447,1524,1486,1522,1448,1562,1560,1484
522,706,669,668,707,705,630,631,744,593,746
523,769,768,770,807,806,731,808,767,730,844
524,2718,2719,2717,2756,2720,2681,2680,2721,2679,2754
525,678,640,639,602,716,641,679,564,677,601
526,922,960,884,885,883,921,923,847,998,961
527,1488,1526,1450,1487,1449,1411,1489,1451,1525,1564
528,1365,1327,1403,1402,1404,1364,1366,1441,1289,1328
529,993,955,1031,994,1032,992,1070,1030,917,956
530,1070,1032,1108,1031,1069,1071,993,1107,1033,1146
531,857,895,858,819,856,894,896,820,932,934
532,882,920,844,883,845,881,843,807,921,958
533,546,545,509,507,584,583,508,547,582,544
534,1798,1836,1760,1761,1799,1797,1759,1722,1837,1874
535,1033,1071,995,1072,1034,1032,1110,996,1070,994
536,771,809,733,734,810,808,770,772,846,695
537,862,900,824,861,825,863,823,899,938,786
538,384,2978,385,347,383,386,346,382,345,420
539,1719,1681,1757,1756,1718,1720,1758,1680,1643,1794
540,1298,1336,1260,1299,1259,1297,1261,1335,2988,1374
541,1865,1827,1903,1866,1904,1902,1864,1828,1941,1789
542,2099,2098,2137,2175,2100,2176,2061,2138,2136,2174
543,654,615,617,692,655,653,616,652,578,691
544,384,2978,385,347,383,386,346,382,345,420
545,20,17,23,18,15,21,24,22,26,19
546,956,994,918,919,957,955,917,995,880,993
547,1298,1336,1260,1299,1259,1297,1261,1335,2988,1374
548,1707,1669,1745,1744,1708,1746,1670,1706,1631,1783
549,1070,1032,1108,1031,1069,1071,993,1107,1033,1146
550,2603,2642,2641,2602,2640,2604,2565,2643,2680,2566
551,927,965,889,926,928,966,964,1002,1003,1004
552,1410,3039,1372,2951,1409,1371,1448,1334,1373,1333
553,1038,1076,1000,1037,999,1001,1039,961,1114,1075
554,1093,1055,1131,1132,1130,1092,1056,1170,1094,1017
555,851,813,889,850,890,888,852,814,928,926
556,1585,1547,1623,1586,1622,1624,1548,1584,1509,1661
557,461,498,423,499,460,500,462,459,422,463
558,467,468,504,429,505,430,2958,506,466,431
559,1181,1143,1219,1220,1182,1180,1218,1257,1105,1144
560,333,370,334,372,371,332,295,331,373,335
561,2405,2404,2482,2406,2443,2367,2444,2481,2442,3015
562,2992,1227,1265,1226,1264,1302,1266,1189,1303,1304
563,706,669,668,707,705,630,631,744,593,746
564,1454,1416,1492,1455,1417,1453,1415,1379,1493,1530
565,214,175,252,139,213,177,101,174,176,212
566,568,606,530,491,529,567,531,492,644,569
567,1979,2017,1980,1941,1978,2016,2018,1942,2054,2056
568,56,55,58,53,57,54,19,94,59,60
569,1865,1827,1903,1866,1904,1902,1864,1828,1941,1789
570,1409,1371,1447,1448,1410,1446,1408,3039,1372,1333
571,20,17,23,18,15,21,24,22,26,19
572,1222,1184,1260,1221,1223,1185,1183,1147,1259,1145
573,552,514,553,515,589,477,590,551,513,516
574,920,958,882,881,919,921,883,957,844,843
575,1764,1726,1802,1763,1725,1727,1765,1687,1688,1801
576,1935,1973,1897,1936,1934,3027,2012,1974,1898,1859
577,808,846,770,807,771,809,769,733,845,884
578,1175,1213,1137,1176,1174,1212,1214,1251,1250,1099
579,765,802,803,2987,764,727,726,840,804,763
580,844,882,843,806,807,805,845,881,920,767
581,1011,973,1049,1050,1048,1010,1012,972,935,1088
582,765,802,803,2987,764,727,726,840,804,763
583,1298,1336,1260,1299,1259,1297,1261,1335,2988,1374
584,1298,1336,1260,1299,1259,1297,1261,1335,2988,1374
585,616,578,617,579,615,541,618,654,540,577
586,2981,50,51,52,48,10,13,2976,12,15
587,1563,1525,1601,1600,1602,1562,1564,1639,1526,1487
588,785,2941,747,823,822,824,784,786,709,748
589,2978,384,345,346,382,347,383,420,344,385
590,1069,1107,1031,1106,1068,1070,1108,1144,1145,1030
591,1462,1424,1500,1463,1461,1423,1425,1386,1538,1387
592,1068,1030,1106,1069,1031,1067,1029,991,992,1144
593,672,634,595,633,673,597,710,671,596,635
594,636,599,674,598,597,561,637,600,635,638
595,882,920,844,883,845,881,843,807,921,958
596,1225,1187,1263,1264,1226,1262,1224,1186,1149,1302
597,1719,1681,1757,1756,1718,1720,1758,1680,1643,1794
598,2360,2398,2322,2323,2361,2359,2321,2397,2436,2284
599,1571,1609,1533,1572,1610,1570,1608,1648,1495,1647
600,802,765,840,801,764,763,803,839,878,726
601,2161,2123,2200,2950,2198,2199,2085,2162,2160,2238
602,1260,1298,1222,1223,1259,1261,1221,1299,1336,1297
603,1122,1160,1084,1083,1121,1123,1085,1045,1198,1159
604,1427,1389,1465,1464,1426,1466,1428,1502,1351,1503
605,962,924,1000,925,963,961,923,886,887,885
606,31,70,107,71,106,109,72,67,105,144
607,1789,1751,1827,1826,1828,1790,1788,1713,1752,1864
608,1601,1639,1563,1602,1640,1600,1638,1678,1525,1677
609,955,917,993,992,994,954,956,916,918,1031
610,1868,1906,1830,1831,1829,1867,1869,1791,1905,1944
611,1566,1528,1604,1565,1527,1529,1567,1490,1642,1603
612,884,922,846,847,845,883,885,809,921,960
613,292,253,255,330,291,3009,254,293,329,294
614,2606,2607,2567,2569,2568,2605,2644,2608,2604,2529
615,681,719,756,718,680,643,757,758,682,717
616,1078,1040,1116,1039,1077,1079,1041,1001,1154,1002
617,743,781,742,780,744,782,705,667,818,741
618,1190,1228,1152,1151,1153,1189,1191,1115,1229,1227
619,449,486,488,448,450,3037,487,447,451,413
620,991,953,1029,1028,1030,990,992,1066,1068,915
621,1485,1523,1447,1524,1486,1522,1448,1562,1560,1484
622,1285,1247,1323,1322,1324,1286,1284,1209,1361,1246
623,238,239,237,199,200,277,236,240,276,274
624,1751,1789,1713,1750,1752,1788,1790,1675,1826,1827
625,1789,1751,1827,1826,1828,1790,1788,1713,1752,1864
626,809,771,810,846,847,848,808,884,733,772
627,1097,1059,1135,1096,1134,1136,1058,1098,1021,1173
628,1175,1213,1137,1176,1174,1212,1214,1251,1250,1099
629,960,998,922,921,923,961,959,997,999,885
630,2930,2431,2430,3006,2467,2429,2469,2468,2393,2391
631,794,756,793,832,755,717,757,831,870,718
632,1087,1049,1125,1124,1126,1086,1088,1048,1050,1164
633,688,3023,689,651,650,613,649,690,612,726
634,972,1010,934,935,973,971,933,1011,897,1009
635,582,545,581,544,3033,543,620,507,546,583
636,2981,50,51,52,48,10,13,2976,12,15
637,1175,1213,1137,1176,1174,1212,1214,1251,1250,1099
638,476,477,475,438,401,439,514,437,400,515
639,1376,1338,1414,1375,1339,1337,2988,1377,1300,1452
640,1516,1478,1554,1517,1477,1515,1440,1479,1439,2944
641,1403,1441,1365,1402,1404,1440,1479,1442,1327,1478
642,1175,1213,1137,1176,1174,1212,1214,1251,1250,1099
643,1394,1432,1356,1357,1393,1355,1395,1470,1431,1318
644,1105,1143,1067,1144,1104,1142,1106,1182,1181,1029
645,1944,1906,1982,1945,1943,1905,1869,1907,2020,1868
646,1347,1385,1309,1346,1386,1384,1308,1348,1423,1422
647,528,566,529,489,490,451,491,604,527,452
648,1209,1171,1247,1248,2963,1246,1285,1210,2932,1286
649,1249,1211,1287,1288,1250,1248,1286,1325,1210,1326
650,1409,1371,1447,1448,1410,1446,1408,3039,1372,1333
651,1214,1176,1252,1213,3014,1175,1215,1177,1290,1138
652,2939,2597,2599,2636,2598,2635,2559,2560,2637,2596
653,1172,1210,1134,1135,2963,1173,1211,1248,1171,1097
654,1564,1602,1526,1527,1565,1563,1525,1489,1603,1601
655,1072,1034,1110,1033,1073,2936,1035,1071,996,995
656,691,653,729,692,728,690,730,766,654,652
657,1214,1176,1252,1213,3014,1175,1215,1177,1290,1138
658,1164,1202,1126,1127,1125,1163,1165,1201,1240,1087
659,53,55,90,56,91,89,92,94,51,50
660,612,613,650,573,575,574,611,614,535,688
661,972,1010,934,935,973,971,933,1011,897,1009
662,886,924,848,849,887,885,847,811,925,962
663,1214,1176,1252,1213,3014,1175,1215,1177,1290,1138
664,1713,1675,1751,1752,1750,1712,1714,1676,1637,1789
665,1071,1033,1110,1108,1109,1070,1032,1146,1072,995
666,1214,1176,1252,1213,3014,1175,1215,1177,1290,1138
667,579,580,541,616,618,542,2965,617,578,540
668,678,640,639,602,716,641,679,564,677,601
669,1214,1176,1252,1213,3014,1175,1215,1177,1290,1138
670,972,1010,934,935,973,971,933,1011,897,1009
671,2967,1242,1280,1203,1241,1279,1204,1318,1243,1281
672,1324,1286,1362,1323,1285,1287,1325,1400,1248,1247
673,1257,1219,1295,1296,1258,1294,1256,1220,1181,1334
674,882,920,844,883,845,881,843,807,921,958
675,1477,1439,1515,1514,1476,1516,1553,1478,1401,1438
676,256,220,179,218,219,217,181,178,221,258
677,394,393,357,356,395,432,355,392,396,358
678,2125,2163,2202,2087,2164,2126,2201,2162,2127,2124
679,1061,1099,1023,1060,1062,1100,1098,1138,1137,985
680,1214,1176,1252,1213,3014,1175,1215,1177,1290,1138
681,1136,1098,1174,1135,1097,1137,1099,1173,1059,1060
682,996,1034,957,958,995,959,997,1033,1072,919
683,1112,1111,1074,1150,1073,1113,1075,2936,1035,1037
684,785,2941,747,823,822,824,784,786,709,748
685,2294,2295,2255,2332,2293,2256,2333,2257,2331,2218
686,738,776,737,700,701,699,739,814,663,775
687,1112,1111,1074,1150,1073,1113,1075,2936,1035,1037
688,1221,1259,1183,1222,1260,1258,1220,1184,1297,1298
689,452,414,490,451,413,450,453,528,3037,488
690,1566,1528,1604,1565,1527,1529,1567,1490,1642,1603
691,564,602,527,525,640,526,565,678,563,601
692,1175,1213,1137,1176,1174,1212,1214,1251,1250,1099
693,878,839,840,916,2986,879,841,877,801,802
694,516,515,517,554,479,553,518,478,477,592
695,1412,1374,1450,1373,1413,1337,1375,1411,1336,1451
696,29,69,27,68,66,25,67,104,70,34
697,1953,1952,1991,1954,1915,2028,1992,1990,2030,1916
698,1144,1182,1106,1105,1145,1107,1143,1183,1069,1067
699,208,206,170,172,207,169,133,244,171,210
700,1190,1228,1152,1151,1153,1189,1191,1115,1229,1227
701,1184,1222,1145,1147,1146,1183,1221,1107,1185,1223
702,1214,1176,1252,1213,3014,1175,1215,1177,1290,1138
703,1403,1441,1365,1402,1404,1440,1479,1442,1327,1478
704,972,1010,934,935,973,971,933,1011,897,1009
705,1757,1795,1719,1796,1758,1756,1794,1834,1720,1681
706,1011,973,1049,1050,1048,1010,1012,972,935,1088
707,2101,2063,2138,2100,2062,2139,2102,2025,2178,2177
708,241,240,242,203,202,280,279,239,201,205
709,2994,1244,1206,1205,1167,1243,1282,1207,1168,1281
710,1160,1198,1122,1123,1161,1121,1159,1199,1236,1085
711,1452,2975,1414,1413,1490,1415,1375,1453,3021,1376
712,181,183,218,182,220,256,145,141,221,184
713,66,26,29,68,28,23,27,25,32,62
714,2337,2338,2376,2374,2375,2336,2299,2339,2413,2297
715,15,17,13,18,20,12,52,14,2981,54
716,1033,1071,995,1072,1034,1032,1110,996,1070,994
717,512,513,511,474,475,550,437,514,473,548
718,310,347,348,346,309,272,311,386,307,273
719,929,891,967,966,930,928,968,892,890,1004
720,579,580,541,616,618,542,2965,617,578,540
721,20,17,23,18,15,21,24,22,26,19
722,1563,1525,1601,1600,1602,1562,1564,1639,1526,1487
723,1455,1493,1417,1454,1492,1456,1494,1418,1530,1379
724,1865,1827,1903,1866,1904,1902,1864,1828,1941,1789
725,938,900,976,937,939,901,899,975,862,863
726,927,965,889,926,928,966,964,1002,1003,1004
727,1865,1827,1903,1866,1904,1902,1864,1828,1941,1789
728,2011,2049,2048,1973,2012,3027,2124,2010,2050,2126
729,394,393,357,356,395,432,355,392,396,358
730,844,882,843,806,807,805,845,881,920,767
731,1175,1213,1137,1176,1174,1212,1214,1251,1250,1099
732,984,946,1022,983,985,947,945,909,1021,1023
733,881,843,919,880,920,882,844,918,842,958
734,1362,1400,1324,1325,1323,1363,1399,1287,1361,1286
735,1126,1088,1164,1127,1087,1125,1089,1049,1050,1202
736,139,140,101,214,177,178,102,175,176,252
737,2174,2173,2136,2137,2097,2212,2135,2098,2059,2099
738,1415,1453,1377,1416,1414,1454,3021,1452,1378,1339
739,688,3023,689,651,650,613,649,690,612,726
740,1637,1599,1675,1638,1676,1674,1636,1561,1713,1600
741,2981,50,51,52,48,10,13,2976,12,15
742,1851,1889,1813,1852,1928,1850,1890,1927,1888,1775
743,23,21,20,26,62,66,25,24,17,19
744,706,669,668,707,705,630,631,744,593,746
745,1568,1606,1530,1529,1569,1491,1567,1531,1492,1644
746,1726,1764,1688,1687,1725,3020,1727,1763,1689,1765
747,735,774,697,2955,773,772,736,812,734,659
748,827,865,789,826,3029,866,864,903,828,902
749,1136,1098,1174,1135,1097,1137,1099,1173,1059,1060
750,64,104,100,138,65,67,99,142,27,61
751,2027,2065,2066,1989,2104,2026,2103,2064,2102,1990
752,665,703,702,627,704,664,628,740,626,666
753,1226,1188,1264,1187,1225,2992,1227,1189,1302,1150
754,624,585,587,662,661,623,586,625,549,663
755,1144,1182,1106,1105,1145,1107,1143,1183,1069,1067
756,1409,1371,1447,1448,1410,1446,1408,3039,1372,1333
757,3008,1398,1437,1399,1474,1436,1361,1475,1360,1438
758,1516,1478,1554,1517,1477,1515,1440,1479,1439,2944
759,1516,1478,1554,1517,1477,1515,1440,1479,1439,2944
760,678,640,639,602,716,641,679,564,677,601
761,586,549,585,547,624,548,587,550,584,511
762,2951,1335,1373,1410,3039,1372,1334,1374,1297,1411
763,1262,1224,1300,1263,1261,1225,1299,1186,1223,1338
764,821,859,783,860,820,822,858,784,898,897
765,1136,1098,1174,1135,1097,1137,1099,1173,1059,1060
766,1226,1188,1264,1187,1225,2992,1227,1189,1302,1150
767,1450,1451,1413,1412,1488,1411,1489,1449,1375,1373
768,789,827,751,828,790,3029,866,865,752,826
769,1147,1185,1146,1109,1184,1148,1222,1223,1108,1145
770,2082,2120,2044,2045,2043,2083,2158,2121,2005,2006
771,656,694,618,655,619,617,693,2965,657,732
772,1409,1371,1447,1448,1410,1446,1408,3039,1372,1333
773,1376,1338,1414,1375,1339,1337,2988,1377,1300,1452
774,1719,1681,1757,1756,1718,1720,1758,1680,1643,1794
775,31,70,107,71,106,109,72,67,105,144
776,656,694,618,655,619,617,693,2965,657,732
777,1055,1093,1017,1056,1092,1054,1132,1130,1094,1018
778,612,613,650,573,575,574,611,614,535,688
779,1485,1523,1447,1524,1486,1522,1448,1562,1560,1484
780,643,682,680,642,719,681,605,603,718,2938
781,1543,1581,1505,1544,1582,1580,1542,1619,1620,1467
782,734,772,696,733,771,695,697,810,735,773
783,1904,1942,1866,1865,1867,1941,1905,1903,1829,1980
784,1147,1185,1146,1109,1184,1148,1222,1223,1108,1145
785,31,70,107,71,106,109,72,67,105,144
786,348,386,311,310,349,3032,347,387,312,346
787,473,472,474,435,511,510,548,434,471,512
788,1175,1213,1137,1176,1174,1212,1214,1251,1250,1099
789,29,69,27,68,66,25,67,104,70,34
790,119,118,2966,80,122,120,79,157,117,83
791,23,21,20,26,62,66,25,24,17,19
792,2239,2201,3001,2276,2277,2278,2163,2240,2314,2238
793,955,917,993,992,994,954,956,916,918,1031
794,1873,1835,1911,1912,1872,1910,1874,1948,1834,1797
795,958,920,996,959,957,921,919,883,882,997
796,920,958,882,881,919,921,883,957,844,843
797,1095,1133,1057,1096,1134,2963,1094,1132,1019,1058
798,17,15,20,52,21,54,19,18,23,13
799,506,468,507,469,505,544,508,467,431,470
800,1585,1547,1623,1586,1622,1624,1548,1584,1509,1661
801,467,468,504,429,505,430,2958,506,466,431
802,69,29,70,72,68,34,67,27,31,104
803,1451,1489,1450,1413,1488,2975,1490,1527,1526,1452
804,143,180,182,141,103,108,145,144,106,181
805,1040,1002,1078,1041,1039,1003,1001,963,965,964
806,1071,1033,1110,1108,1109,1070,1032,1146,1072,995
807,1376,1338,1414,1375,1339,1337,2988,1377,1300,1452
808,1376,1338,1414,1375,1339,1337,2988,1377,1300,1452
809,1372,1334,1410,1371,1333,2951,1295,1296,1335,1409
810,1607,1569,1645,1644,1646,1608,1606,1531,1683,1684
811,1364,1326,1402,1363,1325,1327,1365,1288,1440,1287
812,251,250,290,215,213,252,212,288,249,253
813,774,735,775,812,736,773,737,2955,850,697
814,1827,1789,1865,1828,1864,1826,1866,1902,1790,1751
815,1495,1533,1457,1496,1494,1534,1532,1572,1456,1571
816,1461,1423,1499,1500,1462,1498,1460,1537,1385,1538
817,1796,1834,1758,1757,1759,1795,1797,1835,1720,1833
818,1394,1432,1356,1357,1393,1355,1395,1470,1431,1318
819,935,897,973,936,972,934,974,898,1011,896
820,202,201,203,164,163,204,241,200,240,3012
821,1579,1541,1617,1616,1618,1580,1578,1654,1655,1656
822,2126,2164,2049,2087,2088,2125,2124,2089,2011,2202
823,2950,2162,2086,2161,2085,2200,2124,2123,2087,2047
824,574,536,535,537,575,612,573,499,572,497
825,1440,1402,1478,1439,1401,1403,1441,1363,1516,1364
826,1488,1526,1450,1487,1449,1411,1489,1451,1525,1564
827,2061,2100,2098,2023,2099,2022,2062,2060,2024,2136
828,1324,1286,1362,1323,1285,1287,1325,1400,1248,1247
829,1075,1113,1037,1114,1074,1112,1076,1152,1151,1150
830,384,2978,385,347,383,386,346,382,345,420
831,2981,50,51,52,48,10,13,2976,12,15
832,855,893,817,854,894,892,856,816,931,930
833,385,384,424,386,422,383,347,387,2978,423
834,602,601,564,678,639,525,640,563,638,527
835,1485,1523,1447,1524,1486,1522,1448,1562,1560,1484
836,1865,1827,1903,1866,1904,1902,1864,1828,1941,1789
837,1298,1336,1260,1299,1259,1297,1261,1335,2988,1374
838,630,668,593,591,706,629,592,631,554,669
839,1038,1076,1000,1037,999,1001,1039,961,1114,1075
840,1119,1081,1157,1158,1156,1120,1118,1043,1082,1195
841,2674,2675,2982,2636,2637,2676,2673,2712,2635,2713
842,1338,1300,1376,1339,2988,1301,1299,1263,1337,1414
843,1214,1176,1252,1213,3014,1175,1215,1177,1290,1138
844,726,727,764,687,3023,689,765,2987,725,688
845,1944,1906,1982,1945,1943,1905,1869,1907,2020,1868
846,1260,1298,1222,1223,1259,1261,1221,1299,1336,1297
847,1249,1211,1287,1288,1250,1248,1286,1325,1210,1326
848,1485,1523,1447,1524,1486,1522,1448,1562,1560,1484
849,891,929,853,892,890,928,930,852,966,854
850,1184,1222,1145,1147,1146,1183,1221,1107,1185,1223
851,1409,1371,1447,1448,1410,1446,1408,3039,1372,1333
852,1144,1182,1106,1105,1145,1107,1143,1183,1069,1067
853,769,768,770,807,806,731,808,767,730,844
854,1487,1525,1449,1488,1526,1486,1524,1563,1411,1564
855,1865,1827,1903,1866,1904,1902,1864,1828,1941,1789
856,2992,1227,1265,1226,1264,1302,1266,1189,1303,1304
857,1175,1213,1137,1176,1174,1212,1214,1251,1250,1099
858,1324,1286,1362,1323,1285,1287,1325,1400,1248,1247
859,1561,1599,1523,1562,1560,1600,1598,1637,1638,1636
860,1093,1055,1131,1132,1130,1092,1056,1170,1094,1017
861,591,629,554,630,590,553,592,668,666,593
862,1713,1675,1751,1752,1750,1712,1714,1676,1637,1789
863,2671,2709,2670,2672,2633,2710,2708,2632,2631,2669
864,1168,1130,1167,1206,1129,1131,1169,1091,2994,1092
865,384,2978,385,347,383,386,346,382,345,420
866,1441,1403,1479,1478,1440,1517,1480,1365,1442,1402
867,600,599,563,561,562,601,638,636,524,525
868,1301,1263,1339,1340,1302,1338,1300,1264,1378,1377
869,623,661,622,698,585,624,660,662,699,584
870,2048,2010,2011,2124,2086,3027,2049,2047,2087,1973
871,1175,1213,1137,1176,1174,1212,1214,1251,1250,1099
872,801,839,763,802,838,800,840,878,764,876
873,844,882,843,806,807,805,845,881,920,767
874,751,752,789,3029,713,790,750,827,715,714
875,678,640,639,602,716,641,679,564,677,601
876,2200,2161,3001,2162,2238,2199,2950,2163,2198,2276
877,29,69,27,68,66,25,67,104,70,34
878,1299,1261,2988,1298,1300,1336,1260,1337,1262,1338
879,1829,1791,1867,1866,1868,1830,1828,1905,1906,1790
880,242,241,205,243,244,280,203,240,204,279
881,843,881,844,805,842,880,882,806,804,920
882,1324,1286,1362,1323,1285,1287,1325,1400,1248,1247
883,175,174,214,213,176,101,2973,212,173,135
884,1257,1219,1295,1296,1258,1294,1256,1220,1181,1334
885,1175,1213,1137,1176,1174,1212,1214,1251,1250,1099
886,1175,1213,1137,1176,1174,1212,1214,1251,1250,1099
887,1300,1338,1262,1263,1299,1301,2988,1261,1376,1339
888,811,849,773,812,848,810,886,850,887,772
889,1751,1789,1713,1750,1752,1788,1790,1675,1826,1827
890,2083,2122,2045,2121,2082,2046,2084,2158,2160,2007
891,1223,1185,1261,1222,1260,1224,1147,1299,1262,1186
892,1515,1553,1477,1514,1554,1552,1516,1439,1592,1590
893,1572,1534,1610,1571,1533,1573,1535,1495,1496,1648
894,70,31,67,69,72,107,105,71,104,106
895,1409,1371,1447,1448,1410,1446,1408,3039,1372,1333
896,1105,1143,1067,1144,1104,1142,1106,1182,1181,1029
897,69,29,70,72,68,34,67,27,31,104
898,628,666,627,629,589,665,590,626,704,551
899,2664,2665,2625,2663,2626,2627,2702,2662,2666,3018
900,1454,1416,1492,1455,1417,1453,1415,1379,1493,1530
901,349,387,3032,348,350,386,388,313,424,311
902,1353,1315,1391,1354,1392,1352,1390,1430,1277,1316
903,657,619,695,658,694,620,696,656,732,2965
904,954,992,916,953,915,917,2986,955,1030,993
905,2238,2199,2237,2276,2200,3001,2275,2274,2161,2198
906,1214,1176,1252,1213,3014,1175,1215,1177,1290,1138
907,1969,1931,2007,2006,2008,1968,1930,1970,1893,1932
908,1264,1302,1226,1225,1263,2992,1301,1187,1340,1265
909,2904,2867,2901,2864,2866,2907,2900,2869,3003,2902
910,1840,1802,1878,1841,1839,1803,1801,1879,1763,1764
911,1243,1281,1205,1242,2994,1244,1280,1282,2967,1167
912,1169,1131,1206,1207,1208,1170,2932,1168,1093,1130
913,2718,2719,2717,2756,2720,2681,2680,2721,2679,2754
914,512,513,511,474,475,550,437,514,473,548
915,1757,1795,1719,1796,1758,1756,1794,1834,1720,1681
916,590,589,553,591,629,628,552,666,551,554
917,872,910,834,871,833,835,873,795,909,948
918,981,943,1019,3025,982,980,1020,1018,1057,905
919,2793,2830,2794,2832,2791,2795,2792,2831,2755,2829
920,378,2935,377,416,376,339,379,341,340,375
921,1002,1040,964,965,963,1003,1001,927,1041,1039
922,1568,1606,1530,1529,1569,1491,1567,1531,1492,1644
923,688,3023,689,651,650,613,649,690,612,726
924,726,727,764,687,3023,689,765,2987,725,688
925,1175,1213,1137,1176,1174,1212,1214,1251,1250,1099
926,718,680,717,681,756,679,641,643,755,794
927,1719,1681,1757,1756,1718,1720,1758,1680,1643,1794
928,886,924,848,849,887,885,847,811,925,962
929,1175,1213,1137,1176,1174,1212,1214,1251,1250,1099
930,29,69,27,68,66,25,67,104,70,34
931,1910,1948,1872,1909,1873,1871,1911,1947,1986,1833
932,1868,1906,1830,1831,1829,1867,1869,1791,1905,1944
933,992,1030,954,955,953,993,1031,991,917,1068
934,1259,1297,1221,1258,1260,1298,1296,1335,1222,1183
935,1214,1176,1252,1213,3014,1175,1215,1177,1290,1138
936,29,69,27,68,66,25,67,104,70,34
937,774,735,775,812,736,773,737,2955,850,697
938,886,924,848,849,887,885,847,811,925,962
939,337,412,374,376,336,375,338,339,335,411
940,1160,1198,1122,1123,1161,1121,1159,1199,1236,1085
941,846,808,884,809,845,847,807,771,770,883
942,1169,1131,1206,1207,1208,1170,2932,1168,1093,1130
943,1249,1211,1287,1288,1250,1248,1286,1325,1210,1326
944,2142,2105,2103,2141,2180,2104,2143,2181,2140,2065
945,668,630,706,629,705,667,591,669,666,593
946,1631,1593,1669,1668,1670,1632,1630,2989,1707,1706
947,1214,1176,1252,1213,3014,1175,1215,1177,1290,1138
948,909,947,871,908,946,910,948,984,985,870
949,885,923,847,922,924,884,886,848,961,960
950,1126,1088,1164,1127,1087,1125,1089,1049,1050,1202
951,2549,2548,2550,2588,2510,2511,2587,2551,2586,2509
952,1126,1088,1164,1127,1087,1125,1089,1049,1050,1202
953,1289,1327,1251,1290,1326,1328,1288,1365,1213,1364
954,668,630,706,629,705,667,591,669,666,593
955,1298,1336,1260,1299,1259,1297,1261,1335,2988,1374
956,1011,973,1049,1050,1048,1010,1012,972,935,1088
957,891,929,853,892,890,928,930,852,966,854
958,1324,1286,1362,1323,1285,1287,1325,1400,1248,1247
959,1072,1034,1110,1033,1073,2936,1035,1071,996,995
960,1865,1827,1903,1866,1904,1902,1864,1828,1941,1789
961,1214,1176,1252,1213,3014,1175,1215,1177,1290,1138
962,2284,2322,2246,2285,2245,2283,2247,2323,2207,2360
963,1225,1187,1263,1264,1226,1262,1224,1186,1149,1302
964,1789,1751,1827,1826,1828,1790,1788,1713,1752,1864
965,1147,1185,1146,1109,1184,1148,1222,1223,1108,1145
966,309,271,272,308,310,307,346,235,269,347
967,2284,2322,2246,2285,2245,2283,2247,2323,2207,2360
968,962,924,1000,925,963,961,923,886,887,885
969,885,923,847,922,924,884,886,848,961,960
970,1034,996,1072,997,1033,1035,995,1073,959,957
971,1488,1526,1450,1487,1449,1411,1489,1451,1525,1564
972,1896,1858,1934,1895,1857,1897,1819,1820,1972,1859
973,258,219,260,259,221,220,257,294,298,217
974,668,630,706,629,705,667,591,669,666,593
975,1324,1286,1362,1323,1285,1287,1325,1400,1248,1247
976,757,756,795,758,681,832,794,719,833,796
977,1603,1565,1641,1602,1640,1642,1604,1679,1564,1527
978,1214,1176,1252,1213,3014,1175,1215,1177,1290,1138
979,1324,1286,1362,1323,1285,1287,1325,1400,1248,1247
980,1376,1338,1414,1375,1339,1337,2988,1377,1300,1452
981,920,958,882,881,919,921,883,957,844,843
982,337,412,374,376,336,375,338,339,335,411
983,1151,1189,1113,1152,1190,1150,1075,1228,1188,1227
984,1382,1420,1344,1343,1381,1345,1383,1305,1419,1458
985,1181,1143,1219,1220,1182,1180,1218,1257,1105,1144
986,377,378,414,375,376,416,415,2935,339,453
987,309,271,272,308,310,307,346,235,269,347
988,1568,1606,1530,1529,1569,1491,1567,1531,1492,1644
989,843,881,844,805,842,880,882,806,804,920
990,1298,1336,1260,1299,1259,1297,1261,1335,2988,1374
991,1105,1143,1067,1144,1104,1142,1106,1182,1181,1029
992,788,750,749,787,3029,826,711,713,786,748
993,53,55,90,56,91,89,92,94,51,50
994,1409,1371,1447,1448,1410,1446,1408,3039,1372,1333
995,1373,1411,2951,1374,1412,3039,1335,1449,1450,1410
996,394,393,357,356,395,432,355,392,396,358
997,1869,1907,1906,3022,1831,1868,1944,1945,1908,1793
998,1757,1795,1719,1796,1758,1756,1794,1834,1720,1681
999,384,2978,385,347,383,386,346,382,345,420
1000,1210,1172,1248,1211,2963,1173,1209,1171,1286,1249
1001,384,2978,385,347,383,386,346,382,345,420
1002,70,31,67,69,72,107,105,71,104,106
1003,1865,1827,1903,1866,1904,1902,1864,1828,1941,1789
1004,1865,1827,1903,1866,1904,1902,1864,1828,1941,1789
1005,717,755,718,679,754,756,794,716,793,680
1006,1606,1568,1644,1605,1569,1567,1607,1530,1529,1682
1007,1130,1092,1168,1131,1093,1091,1129,1055,1054,1167
1008,1910,1948,1872,1909,1873,1871,1911,1947,1986,1833
1009,920,958,882,881,919,921,883,957,844,843
1010,1068,1030,1106,1069,1031,1067,1029,991,992,1144
1011,656,694,618,655,619,617,693,2965,657,732
1012,2987,766,727,765,804,728,803,726,729,805
1013,1376,1338,1414,1375,1339,1337,2988,1377,1300,1452
1014,2029,2067,2028,2104,2066,2105,2030,1991,2106,2068
1015,292,253,255,330,291,3009,254,293,329,294
1016,2664,2665,2625,2663,2626,2627,2702,2662,2666,3018
1017,1715,1753,1677,1754,1714,1716,1752,1792,1678,1639
1018,1905,1867,1943,1942,1906,1944,1904,1981,1868,1829
1019,1865,1827,1903,1866,1904,1902,1864,1828,1941,1789
1020,1604,1642,1566,1567,1565,1605,1603,1643,1529,1528
1021,1265,1303,2992,1302,1266,1304,1342,1341,1227,1340
1022,2087,2124,2126,2125,2162,2049,2163,2950,2164,2048
1023,2284,2322,2246,2285,2245,2283,2247,2323,2207,2360
1024,1169,1131,1206,1207,1208,1170,2932,1168,1093,1130
1025,1903,1941,1865,1902,1940,1904,1978,1942,1864,1827
1026,1210,1172,1248,1211,2963,1173,1209,1171,1286,1249
1027,2467,2468,2429,2542,2504,2930,2431,2505,2430,2543
1028,1353,1315,1391,1354,1392,1352,1390,1430,1277,1316
1029,995,1033,994,957,1032,996,1034,956,1071,1072
1030,339,376,338,263,2935,301,378,337,377,299
1031,2845,2884,2883,2918,2881,2885,2882,2879,2847,2886
1032,298,259,261,260,297,223,296,258,299,257
1033,378,2935,377,416,376,339,379,341,340,375
1034,2722,2685,2683,2645,2964,2684,2723,2647,2721,2761
1035,1175,1213,1137,1176,1174,1212,1214,1251,1250,1099
1036,336,335,338,337,297,374,299,296,376,412
1037,1105,1143,1067,1144,1104,1142,1106,1182,1181,1029
1038,1035,1073,997,1036,1074,1034,1072,998,1112,959
1039,2162,2950,2163,2200,2087,2124,3001,2125,2161,2086
1040,1031,993,1069,1070,1030,1068,1032,992,955,1106
1041,1944,1906,1982,1945,1943,1905,1869,1907,2020,1868
1042,757,756,795,758,681,832,794,719,833,796
1043,1151,1189,1113,1152,1190,1150,1075,1228,1188,1227
1044,678,640,639,602,716,641,679,564,677,601
1045,1221,1259,1183,1222,1260,1258,1220,1184,1297,1298
1046,1223,1185,1261,1222,1260,1224,1147,1299,1262,1186
1047,219,258,217,256,220,294,257,179,260,221
1048,1155,1117,1193,1194,1156,1192,1154,1118,1232,1079
1049,991,953,1029,1028,1030,990,992,1066,1068,915
1050,928,966,890,889,927,929,891,965,967,851
1051,2939,2597,2599,2636,2598,2635,2559,2560,2637,2596
1052,2951,1335,1373,1410,3039,1372,1334,1374,1297,1411
1053,678,640,639,602,716,641,679,564,677,601
1054,1935,1973,1897,1936,1934,3027,2012,1974,1898,1859
1055,1181,1143,1219,1220,1182,1180,1218,1257,1105,1144
1056,591,629,554,630,590,553,592,668,666,593
1057,1068,1030,1106,1069,1031,1067,1029,991,992,1144
1058,866,904,828,865,867,827,789,829,903,942
1059,111,147,149,112,186,146,109,150,148,108
1060,712,711,635,675,750,674,713,673,749,637
1061,1257,1219,1295,1296,1258,1294,1256,1220,1181,1334
1062,62,25,21,60,23,27,19,100,61,66
1063,1376,1338,1414,1375,1339,1337,2988,1377,1300,1452
1064,856,894,818,817,819,857,855,893,895,932
1065,1122,1160,1084,1083,1121,1123,1085,1045,1198,1159
1066,1552,1590,1514,1513,1551,1515,1553,1476,1591,1628
1067,1871,1909,1833,1870,1872,1908,1910,1946,1795,1947
1068,1309,1347,1308,1271,1310,1348,1346,1386,1385,1272
1069,575,576,612,537,574,614,613,538,577,573
1070,90,53,89,49,50,55,51,91,86,48
1071,1455,1493,1417,1454,1492,1456,1494,1418,1530,1379
1072,1038,1076,1000,1037,999,1001,1039,961,1114,1075
1073,1214,1176,1252,1213,3014,1175,1215,1177,1290,1138
1074,1149,1187,3007,1111,1188,1186,1150,2936,1148,1225
1075,854,816,892,853,855,817,815,777,893,779
1076,29,69,27,68,66,25,67,104,70,34
1077,1214,1176,1252,1213,3014,1175,1215,1177,1290,1138
1078,69,29,70,72,68,34,67,27,31,104
1079,1175,1213,1137,1176,1174,1212,1214,1251,1250,1099
1080,1942,1904,1980,1941,1905,1943,1867,1981,1979,1903
1081,1516,1478,1554,1517,1477,1515,1440,1479,1439,2944
1082,695,696,657,732,733,734,694,658,697,659
1083,1762,1800,1724,1725,1723,1763,1801,1838,1761,1686
1084,1181,1143,1219,1220,1182,1180,1218,1257,1105,1144
1085,309,271,272,308,310,307,346,235,269,347
1086,734,772,696,733,771,695,697,810,735,773
1087,809,771,810,846,847,848,808,884,733,772
1088,742,743,780,704,667,703,741,705,744,781
1089,1262,1224,1300,1263,1261,1225,1299,1186,1223,1338
1090,29,69,27,68,66,25,67,104,70,34
1091,1243,1281,1205,1242,2994,1244,1280,1282,2967,1167
1092,2793,2830,2794,2832,2791,2795,2792,2831,2755,2829
1093,1981,1943,1980,2018,2020,2019,2057,1982,1942,1905
1094,1705,1743,1667,1706,1704,1742,1744,1780,1781,1629
1095,20,17,23,18,15,21,24,22,26,19
1096,1136,1098,1174,1135,1097,1137,1099,1173,1059,1060
1097,1072,1034,1110,1033,1073,2936,1035,1071,996,995
1098,1214,1176,1252,1213,3014,1175,1215,1177,1290,1138
1099,29,69,27,68,66,25,67,104,70,34
1100,1297,1259,1335,1296,1334,1298,1336,2951,1258,1221
1101,1865,1827,1903,1866,1904,1902,1864,1828,1941,1789
1102,956,994,918,919,957,955,917,995,880,993
1103,261,298,299,223,300,297,262,260,301,259
1104,1945,1907,1983,1982,1944,1984,1869,1946,2021,1906
1105,1430,1392,1468,1429,1391,1393,1431,1353,1355,1506
1106,1545,1507,1583,1582,1584,1546,1544,1469,1508,1621
1107,2876,2877,2912,2873,2915,2878,2875,2838,2872,2879
1108,978,940,1016,939,977,979,941,901,1054,1015
1109,2992,1227,1265,1226,1264,1302,1266,1189,1303,1304
1110,600,599,563,561,562,601,638,636,524,525
1111,993,955,1031,994,1032,992,1070,1030,917,956
1112,1608,1570,1646,1609,1607,1569,1571,1532,1684,1531
1113,579,580,541,616,618,542,2965,617,578,540
1114,612,613,650,573,575,574,611,614,535,688
1115,1879,1841,2946,1917,1878,1916,1880,1840,1842,1803
1116,809,771,810,846,847,848,808,884,733,772
1117,696,695,697,659,734,658,657,772,733,732
1118,678,640,639,602,716,641,679,564,677,601
1119,1249,1211,1287,1288,1250,1248,1286,1325,1210,1326
1120,1409,1371,1447,1448,1410,1446,1408,3039,1372,1333
1121,1167,1205,1168,1129,1166,2994,1206,1243,1130,1242
1122,1485,1523,1447,1524,1486,1522,1448,1562,1560,1484
1123,1324,1286,1362,1323,1285,1287,1325,1400,1248,1247
1124,924,886,962,885,923,925,887,848,961,847
1125,1288,1326,1250,1249,1251,1287,1289,1364,1212,1211
1126,1364,1326,1402,1363,1325,1327,1365,1288,1440,1287
1127,1807,1845,1769,1806,1808,1846,1844,1884,1883,1882
1128,2950,2162,2086,2161,2085,2200,2124,2123,2087,2047
1129,1116,1154,1078,1077,1115,1079,1117,1192,1153,1039
1130,764,763,726,802,765,725,687,801,727,3023
1131,464,465,426,463,462,425,427,502,466,500
1132,1151,1189,1113,1152,1190,1150,1075,1228,1188,1227
1133,879,841,916,918,917,878,880,840,842,803
1134,1146,1108,1147,1109,1184,1107,1145,1071,1070,1185
1135,1109,1110,1148,1147,1146,1071,3007,1185,1108,2936
1136,623,661,622,698,585,624,660,662,699,584
1137,453,415,492,490,414,452,491,454,416,377
1138,1105,1143,1067,1144,1104,1142,1106,1182,1181,1029
1139,1087,1049,1125,1124,1126,1086,1088,1048,1050,1164
1140,1105,1143,1067,1144,1104,1142,1106,1182,1181,1029
1141,1403,1441,1365,1402,1404,1440,1479,1442,1327,1478
1142,955,917,993,992,994,954,956,916,918,1031
1143,1944,1906,1982,1945,1943,1905,1869,1907,2020,1868
1144,662,663,661,624,700,587,625,664,701,623
1145,2334,2372,2335,2296,2257,2333,2295,2259,2297,2373
1146,1210,1172,1248,1211,2963,1173,1209,1171,1286,1249
1147,1093,1055,1131,1132,1130,1092,1056,1170,1094,1017
1148,1260,1298,1222,1223,1259,1261,1221,1299,1336,1297
1149,1214,1176,1252,1213,3014,1175,1215,1177,1290,1138
1150,1316,1354,1278,1315,1279,1241,1317,1277,1240,1353
1151,1214,1176,1252,1213,3014,1175,1215,1177,1290,1138
1152,1935,1973,1897,1936,1934,3027,2012,1974,1898,1859
1153,1410,3039,1372,2951,1409,1371,1448,1334,1373,1333
1154,1175,1213,1137,1176,1174,1212,1214,1251,1250,1099
1155,600,599,563,561,562,601,638,636,524,525
1156,161,163,160,121,123,200,159,201,162,164
1157,1353,1315,1391,1354,1392,1352,1390,1430,1277,1316
1158,70,31,67,69,72,107,105,71,104,106
1159,1220,1258,1182,1183,1181,1219,1221,1257,1296,1143
1160,785,2941,747,823,822,824,784,786,709,748
1161,1865,1827,1903,1866,1904,1902,1864,1828,1941,1789
1162,1214,1176,1252,1213,3014,1175,1215,1177,1290,1138
1163,1136,1098,1174,1135,1097,1137,1099,1173,1059,1060
1164,1164,1202,1126,1127,1125,1163,1165,1201,1240,1087
1165,23,21,20,26,62,66,25,24,17,19
1166,1403,1441,1365,1402,1404,1440,1479,1442,1327,1478
1167,706,669,668,707,705,630,631,744,593,746
1168,2295,2257,2294,2256,2333,2334,2332,2372,2258,2296
1169,1136,1098,1174,1135,1097,1137,1099,1173,1059,1060
1170,476,477,475,438,401,439,514,437,400,515
1171,820,858,783,819,782,781,821,859,857,896
1172,1225,1187,1263,1264,1226,1262,1224,1186,1149,1302
1173,920,958,882,881,919,921,883,957,844,843
1174,1566,1528,1604,1565,1527,1529,1567,1490,1642,1603
1175,1136,1098,1174,1135,1097,1137,1099,1173,1059,1060
1176,181,183,218,182,220,256,145,141,221,184
1177,20,17,23,18,15,21,24,22,26,19
1178,1719,1681,1757,1756,1718,1720,1758,1680,1643,1794
1179,1669,1707,1631,1670,1668,1706,1745,1744,1708,1632
1180,674,636,635,712,675,637,597,599,598,634
1181,339,376,338,263,2935,301,378,337,377,299
1182,17,15,20,52,21,54,19,18,23,13
1183,1298,1336,1260,1299,1259,1297,1261,1335,2988,1374
1184,1440,1402,1478,1439,1401,1403,1441,1363,1516,1364
1185,1566,1528,1604,1565,1527,1529,1567,1490,1642,1603
1186,1865,1827,1903,1866,1904,1902,1864,1828,1941,1789
1187,69,29,70,72,68,34,67,27,31,104
1188,1742,1704,1780,1741,1703,1705,1743,1779,1666,1818
1189,1214,1176,1252,1213,3014,1175,1215,1177,1290,1138
1190,1136,1098,1174,1135,1097,1137,1099,1173,1059,1060
1191,1186,1224,1148,1187,3007,1149,1185,1262,1225,1223
1192,1487,1525,1449,1488,1526,1486,1524,1563,1411,1564
1193,1832,1794,1870,1793,1795,3022,1833,1756,1831,1755
1194,29,69,27,68,66,25,67,104,70,34
1195,1353,1315,1391,1354,1392,1352,1390,1430,1277,1316
1196,2578,2539,2577,2579,2541,2616,2540,2576,2614,2580
1197,1865,1827,1903,1866,1904,1902,1864,1828,1941,1789
1198,1829,1791,1867,1866,1868,1830,1828,1905,1906,1790
1199,1249,1211,1287,1288,1250,1248,1286,1325,1210,1326
1200,650,611,612,649,688,613,573,3023,648,651
1201,966,928,1004,967,929,965,927,1003,891,1005
1202,1072,1034,1110,1033,1073,2936,1035,1071,996,995
1203,1298,1336,1260,1299,1259,1297,1261,1335,2988,1374
1204,1112,1111,1074,1150,1073,1113,1075,2936,1035,1037
1205,1122,1160,1084,1083,1121,1123,1085,1045,1198,1159
1206,1679,1641,1717,1716,1678,1718,1680,1755,1603,1640
1207,928,966,890,889,927,929,891,965,967,851
1208,963,1001,925,964,1000,962,1002,1039,1040,1038
1209,881,843,919,880,920,882,844,918,842,958
1210,993,955,1031,994,1032,992,1070,1030,917,956
1211,844,882,843,806,807,805,845,881,920,767
1212,1175,1213,1137,1176,1174,1212,1214,1251,1250,1099
1213,1935,1973,1897,1936,1934,3027,2012,1974,1898,1859
1214,899,861,937,936,898,900,938,862,974,860
1215,186,146,148,2957,111,184,149,147,224,145
1216,1235,1197,1273,1272,1236,1234,1274,1311,1310,1196
1217,1298,1336,1260,1299,1259,1297,1261,1335,2988,1374
1218,23,21,20,26,62,66,25,24,17,19
1219,2048,2010,2011,2124,2086,3027,2049,2047,2087,1973
1220,1161,1199,1123,1162,1160,1200,1198,1238,1237,1085
1221,1563,1525,1601,1600,1602,1562,1564,1639,1526,1487
1222,700,699,738,661,663,662,701,737,736,698
1223,1185,1223,1147,1148,1186,1224,1222,1261,1184,1109
1224,919,957,881,956,920,918,958,880,994,996
1225,1122,1160,1084,1083,1121,1123,1085,1045,1198,1159
1226,1295,1333,1257,1294,1334,1296,1372,1332,1256,1371
1227,1344,1306,1382,1345,1305,1343,1307,3035,1383,1420
1228,975,937,1013,974,1014,976,1012,938,936,1051
1229,240,241,239,278,201,279,202,238,242,203
1230,1792,1754,1830,3005,1753,1791,1715,1716,1755,1829
1231,70,31,67,69,72,107,105,71,104,106
1232,453,415,492,490,414,452,491,454,416,377
1233,1802,1840,1764,1803,1765,1763,1801,1727,1841,1839
1234,1642,1604,1680,1641,1643,1603,1605,1566,1565,1567
1235,1036,1074,998,999,1035,1037,997,1112,1073,960
1236,544,505,582,507,543,506,545,581,2958,546
1237,206,208,205,169,244,167,207,170,168,204
1238,1322,1360,1284,1285,1323,1321,1361,1398,1247,1246
1239,1795,1833,1757,1832,1834,1794,1796,1870,1756,1872
1240,559,596,598,560,520,521,558,597,634,561
1241,2299,2336,2338,2261,2298,2300,2337,2297,2260,2339
1242,1412,1374,1450,1373,1413,1337,1375,1411,1336,1451
1243,728,690,691,766,727,2987,729,689,653,651
1244,1147,1185,1146,1109,1184,1148,1222,1223,1108,1145
1245,859,821,897,858,860,896,898,820,934,935
1246,2728,2727,2767,2690,2766,2729,2764,2691,2689,2765
1247,29,69,27,68,66,25,67,104,70,34
1248,384,2978,385,347,383,386,346,382,345,420
1249,575,576,612,537,574,614,613,538,577,573
1250,1315,1277,1353,1316,1354,1352,1314,1278,1391,1392
1251,796,759,834,758,795,720,797,835,757,721
1252,891,929,853,892,890,928,930,852,966,854
1253,3007,2936,1149,1148,1186,1111,1110,1109,1187,1073
1254,240,241,239,278,201,279,202,238,242,203
1255,1545,1507,1583,1582,1584,1546,1544,1469,1508,1621
1256,348,386,311,310,349,3032,347,387,312,346
1257,1927,1889,1928,1965,1966,2998,1964,1851,1926,1890
1258,1072,1034,1110,1033,1073,2936,1035,1071,996,995
1259,1640,1678,1602,1601,1603,1641,1639,1716,1679,1564
1260,775,737,774,813,812,736,814,850,699,738
1261,2097,2096,2059,2135,2136,2174,2058,2173,2134,2095
1262,992,1030,954,955,953,993,1031,991,917,1068
1263,451,489,488,452,450,528,490,449,566,526
1264,678,640,639,602,716,641,679,564,677,601
1265,1214,1176,1252,1213,3014,1175,1215,1177,1290,1138
1266,1296,1334,1258,1257,1295,1297,1259,1372,1220,1335
1267,1979,2017,1980,1941,1978,2016,2018,1942,2054,2056
1268,2467,2468,2429,2542,2504,2930,2431,2505,2430,2543
1269,1868,1906,1830,1831,1829,1867,1869,1791,1905,1944
1270,1259,1297,1221,1258,1260,1298,1296,1335,1222,1183
1271,1403,1441,1365,1402,1404,1440,1479,1442,1327,1478
1272,737,775,738,699,814,736,776,813,700,774
1273,1002,1040,964,965,963,1003,1001,927,1041,1039
1274,479,478,441,516,517,518,439,403,480,515
1275,1752,1714,1790,1753,1713,1751,1715,1676,1789,1675
1276,2992,1227,1265,1226,1264,1302,1266,1189,1303,1304
1277,593,630,631,632,592,555,706,669,668,591
1278,961,923,999,1000,962,960,998,1038,885,924
1279,2030,1991,2068,1992,2067,1993,2029,2028,1953,2106
1280,1071,1033,1110,1108,1109,1070,1032,1146,1072,995
1281,1543,1581,1505,1544,1582,1580,1542,1619,1620,1467
1282,931,969,893,932,970,930,968,894,855,1007
1283,1440,1402,1478,1439,1401,1403,1441,1363,1516,1364
1284,844,882,843,806,807,805,845,881,920,767
1285,1382,1420,1344,1343,1381,1345,1383,1305,1419,1458
1286,564,602,527,525,640,526,565,678,563,601
1287,752,751,715,714,713,790,675,676,789,753
1288,1830,1868,1792,1831,1791,3005,1829,1793,1753,1754
1289,1184,1222,1145,1147,1146,1183,1221,1107,1185,1223
1290,813,814,851,775,850,852,737,812,890,776
1291,1259,1297,1221,1258,1260,1298,1296,1335,1222,1183
1292,2841,2878,2881,2880,2843,2840,2877,2839,2918,2838
1293,688,3023,689,651,650,613,649,690,612,726
1294,1973,1935,3027,2012,2011,1936,1974,1897,1934,1972
1295,1440,1402,1478,1439,1401,1403,1441,1363,1516,1364
1296,212,213,211,173,250,210,174,175,251,214
1297,702,664,740,665,663,701,739,703,625,627
